macAddress,timeEslapsed,RSSI, ratioRSSI, calculatedDistance, mydistance, realDistance
D9:C0:35:1C:55:5A,815,-55,0.714285714,0.05,0.01,0.1
D9:C0:35:1C:55:5A,1958,-56,0.727272727,0.05,0.01,0.1
D9:C0:35:1C:55:5A,3113,-54,0.701298701,0.05,0.01,0.1
D9:C0:35:1C:55:5A,4249,-57,0.74025974,0.05,0.01,0.1
D9:C0:35:1C:55:5A,5421,-55,0.714285714,0.05,0.01,0.1
D9:C0:35:1C:55:5A,6615,-58,0.753246753,0.05,0.01,0.1
D9:C0:35:1C:55:5A,7747,-55,0.714285714,0.05,0.01,0.1
D9:C0:35:1C:55:5A,8896,-58,0.753246753,0.05,0.01,0.1
D9:C0:35:1C:55:5A,10083,-54,0.701298701,0.05,0.01,0.1
D9:C0:35:1C:55:5A,11190,-53,0.688311688,0.04,0.01,0.1
D9:C0:35:1C:55:5A,12317,-52,0.675324675,0.04,0.01,0.1
D9:C0:35:1C:55:5A,13495,-55,0.714285714,0.04,0.01,0.1
D9:C0:35:1C:55:5A,14609,-56,0.727272727,0.04,0.01,0.1
D9:C0:35:1C:55:5A,15742,-58,0.753246753,0.04,0.01,0.1
D9:C0:35:1C:55:5A,16910,-57,0.74025974,0.04,0.01,0.1
D9:C0:35:1C:55:5A,18110,-58,0.753246753,0.04,0.01,0.1
D9:C0:35:1C:55:5A,19255,-57,0.74025974,0.04,0.01,0.1
D9:C0:35:1C:55:5A,20409,-53,0.688311688,0.04,0.01,0.1
D9:C0:35:1C:55:5A,21566,-53,0.688311688,0.04,0.01,0.1
D9:C0:35:1C:55:5A,22684,-54,0.701298701,0.04,0.01,0.1
D9:C0:35:1C:55:5A,23809,-53,0.688311688,0.04,0.01,0.1
D9:C0:35:1C:55:5A,24964,-53,0.688311688,0.04,0.01,0.1
D9:C0:35:1C:55:5A,26109,-56,0.727272727,0.03,0.01,0.1
D9:C0:35:1C:55:5A,27213,-59,0.766233766,0.03,0.01,0.1
D9:C0:35:1C:55:5A,28349,-54,0.701298701,0.03,0.01,0.1
D9:C0:35:1C:55:5A,29480,-53,0.688311688,0.03,0.01,0.1
D9:C0:35:1C:55:5A,30607,-59,0.766233766,0.03,0.01,0.1
D9:C0:35:1C:55:5A,31754,-53,0.688311688,0.03,0.01,0.1
D9:C0:35:1C:55:5A,32886,-55,0.714285714,0.03,0.01,0.1
D9:C0:35:1C:55:5A,34019,-54,0.701298701,0.03,0.01,0.1
D9:C0:35:1C:55:5A,35183,-54,0.701298701,0.03,0.01,0.1
D9:C0:35:1C:55:5A,36340,-57,0.74025974,0.03,0.01,0.1
D9:C0:35:1C:55:5A,37453,-54,0.701298701,0.03,0.01,0.1
D9:C0:35:1C:55:5A,38586,-57,0.74025974,0.03,0.01,0.1
D9:C0:35:1C:55:5A,39740,-54,0.701298701,0.03,0.01,0.1
D9:C0:35:1C:55:5A,40875,-58,0.753246753,0.03,0.01,0.1
D9:C0:35:1C:55:5A,42032,-58,0.753246753,0.03,0.01,0.1
D9:C0:35:1C:55:5A,43199,-57,0.74025974,0.04,0.01,0.1
D9:C0:35:1C:55:5A,44352,-56,0.727272727,0.04,0.01,0.1
D9:C0:35:1C:55:5A,45496,-55,0.714285714,0.04,0.01,0.1
D9:C0:35:1C:55:5A,46644,-58,0.753246753,0.04,0.01,0.1
D9:C0:35:1C:55:5A,47785,-56,0.727272727,0.04,0.01,0.1
D9:C0:35:1C:55:5A,48939,-57,0.74025974,0.04,0.01,0.1
D9:C0:35:1C:55:5A,50074,-54,0.701298701,0.04,0.01,0.1
D9:C0:35:1C:55:5A,51203,-51,0.662337662,0.04,0.01,0.1
D9:C0:35:1C:55:5A,52352,-51,0.662337662,0.04,0.01,0.1
D9:C0:35:1C:55:5A,53471,-51,0.662337662,0.04,0.01,0.1
D9:C0:35:1C:55:5A,54604,-51,0.662337662,0.04,0.01,0.1
D9:C0:35:1C:55:5A,55729,-55,0.714285714,0.04,0.01,0.1
D9:C0:35:1C:55:5A,56858,-53,0.688311688,0.03,0.01,0.1
D9:C0:35:1C:55:5A,58026,-52,0.675324675,0.03,0.01,0.1
D9:C0:35:1C:55:5A,59157,-56,0.727272727,0.03,0.01,0.1
D9:C0:35:1C:55:5A,959,-59,0.766233766,0.14,0.24,0.25
D9:C0:35:1C:55:5A,2089,-61,0.792207792,0.15,0.23,0.25
D9:C0:35:1C:55:5A,3233,-60,0.779220779,0.15,0.21,0.25
D9:C0:35:1C:55:5A,4402,-64,0.831168831,0.15,0.23,0.25
D9:C0:35:1C:55:5A,5506,-61,0.792207792,0.14,0.22,0.25
D9:C0:35:1C:55:5A,6619,-65,0.844155844,0.14,0.25,0.25
D9:C0:35:1C:55:5A,7760,-64,0.831168831,0.13,0.26,0.25
D9:C0:35:1C:55:5A,8906,-61,0.792207792,0.13,0.25,0.25
D9:C0:35:1C:55:5A,10009,-64,0.831168831,0.13,0.27,0.25
D9:C0:35:1C:55:5A,11183,-63,0.818181818,0.13,0.27,0.25
D9:C0:35:1C:55:5A,12294,-60,0.779220779,0.12,0.26,0.25
D9:C0:35:1C:55:5A,13457,-62,0.805194805,0.12,0.26,0.25
D9:C0:35:1C:55:5A,14599,-65,0.844155844,0.13,0.27,0.25
D9:C0:35:1C:55:5A,15728,-66,0.857142857,0.13,0.29,0.25
D9:C0:35:1C:55:5A,16860,-68,0.883116883,0.14,0.31,0.25
D9:C0:35:1C:55:5A,18024,-65,0.844155844,0.14,0.32,0.25
D9:C0:35:1C:55:5A,19130,-68,0.883116883,0.15,0.36,0.25
D9:C0:35:1C:55:5A,20295,-62,0.805194805,0.14,0.36,0.25
D9:C0:35:1C:55:5A,21435,-64,0.831168831,0.14,0.36,0.25
D9:C0:35:1C:55:5A,22592,-59,0.766233766,0.15,0.33,0.25
D9:C0:35:1C:55:5A,23757,-61,0.792207792,0.15,0.34,0.25
D9:C0:35:1C:55:5A,24905,-66,0.857142857,0.15,0.36,0.25
D9:C0:35:1C:55:5A,26047,-64,0.831168831,0.15,0.39,0.25
D9:C0:35:1C:55:5A,27161,-62,0.805194805,0.15,0.38,0.25
D9:C0:35:1C:55:5A,28330,-61,0.792207792,0.15,0.38,0.25
D9:C0:35:1C:55:5A,29488,-66,0.857142857,0.15,0.38,0.25
D9:C0:35:1C:55:5A,30628,-66,0.857142857,0.15,0.39,0.25
D9:C0:35:1C:55:5A,31770,-61,0.792207792,0.15,0.39,0.25
D9:C0:35:1C:55:5A,32888,-61,0.792207792,0.14,0.38,0.25
D9:C0:35:1C:55:5A,34022,-61,0.792207792,0.14,0.36,0.25
D9:C0:35:1C:55:5A,35186,-65,0.844155844,0.13,0.39,0.25
D9:C0:35:1C:55:5A,36352,-60,0.779220779,0.13,0.38,0.25
D9:C0:35:1C:55:5A,37447,-60,0.779220779,0.12,0.35,0.25
D9:C0:35:1C:55:5A,38617,-59,0.766233766,0.11,0.32,0.25
D9:C0:35:1C:55:5A,39749,-59,0.766233766,0.11,0.27,0.25
D9:C0:35:1C:55:5A,40907,-63,0.818181818,0.11,0.26,0.25
D9:C0:35:1C:55:5A,42032,-59,0.766233766,0.1,0.23,0.25
D9:C0:35:1C:55:5A,43181,-58,0.753246753,0.1,0.22,0.25
D9:C0:35:1C:55:5A,44351,-58,0.753246753,0.1,0.2,0.25
D9:C0:35:1C:55:5A,45490,-65,0.844155844,0.1,0.22,0.25
D9:C0:35:1C:55:5A,46653,-66,0.857142857,0.1,0.24,0.25
D9:C0:35:1C:55:5A,47768,-66,0.857142857,0.1,0.24,0.25
D9:C0:35:1C:55:5A,48915,-68,0.883116883,0.1,0.25,0.25
D9:C0:35:1C:55:5A,50033,-67,0.87012987,0.1,0.27,0.25
D9:C0:35:1C:55:5A,51193,-60,0.779220779,0.1,0.27,0.25
D9:C0:35:1C:55:5A,52339,-65,0.844155844,0.1,0.26,0.25
D9:C0:35:1C:55:5A,53465,-60,0.779220779,0.1,0.24,0.25
D9:C0:35:1C:55:5A,54647,-61,0.792207792,0.1,0.24,0.25
D9:C0:35:1C:55:5A,55778,-60,0.779220779,0.1,0.23,0.25
D9:C0:35:1C:55:5A,56944,-61,0.792207792,0.1,0.23,0.25
D9:C0:35:1C:55:5A,58090,-59,0.766233766,0.11,0.21,0.25
D9:C0:35:1C:55:5A,59215,-63,0.818181818,0.11,0.22,0.25
D9:C0:35:1C:55:5A,859,-68,0.883116883,0.23,1.74,0.5
D9:C0:35:1C:55:5A,1978,-67,0.87012987,0.24,1.52,0.5
D9:C0:35:1C:55:5A,3133,-65,0.844155844,0.25,1.32,0.5
D9:C0:35:1C:55:5A,4272,-67,0.87012987,0.26,1.24,0.5
D9:C0:35:1C:55:5A,5397,-67,0.87012987,0.25,1.18,0.5
D9:C0:35:1C:55:5A,6538,-65,0.844155844,0.25,1.09,0.5
D9:C0:35:1C:55:5A,7708,-66,0.857142857,0.25,1.05,0.5
D9:C0:35:1C:55:5A,8861,-68,0.883116883,0.26,1.04,0.5
D9:C0:35:1C:55:5A,10019,-64,0.831168831,0.26,0.98,0.5
D9:C0:35:1C:55:5A,11181,-67,0.87012987,0.26,0.96,0.5
D9:C0:35:1C:55:5A,12335,-64,0.831168831,0.26,0.92,0.5
D9:C0:35:1C:55:5A,13458,-67,0.87012987,0.26,0.91,0.5
D9:C0:35:1C:55:5A,14622,-65,0.844155844,0.26,0.88,0.5
D9:C0:35:1C:55:5A,15749,-67,0.87012987,0.25,0.88,0.5
D9:C0:35:1C:55:5A,16920,-69,0.896103896,0.24,0.9,0.5
D9:C0:35:1C:55:5A,18055,-65,0.844155844,0.23,0.87,0.5
D9:C0:35:1C:55:5A,19178,-68,0.883116883,0.24,0.83,0.5
D9:C0:35:1C:55:5A,20342,-64,0.831168831,0.23,0.76,0.5
D9:C0:35:1C:55:5A,21456,-64,0.831168831,0.23,0.71,0.5
D9:C0:35:1C:55:5A,22609,-65,0.844155844,0.22,0.68,0.5
D9:C0:35:1C:55:5A,23774,-64,0.831168831,0.22,0.65,0.5
D9:C0:35:1C:55:5A,24921,-63,0.818181818,0.22,0.63,0.5
D9:C0:35:1C:55:5A,26073,-66,0.857142857,0.21,0.64,0.5
D9:C0:35:1C:55:5A,27198,-64,0.831168831,0.22,0.61,0.5
D9:C0:35:1C:55:5A,28331,-65,0.844155844,0.22,0.6,0.5
D9:C0:35:1C:55:5A,29459,-64,0.831168831,0.21,0.59,0.5
D9:C0:35:1C:55:5A,30625,-68,0.883116883,0.22,0.61,0.5
D9:C0:35:1C:55:5A,31766,-66,0.857142857,0.21,0.59,0.5
D9:C0:35:1C:55:5A,32918,-76,0.987012987,0.22,0.63,0.5
D9:C0:35:1C:55:5A,34040,-64,0.831168831,0.22,0.61,0.5
D9:C0:35:1C:55:5A,35222,-63,0.818181818,0.22,0.6,0.5
D9:C0:35:1C:55:5A,36376,-67,0.87012987,0.22,0.6,0.5
D9:C0:35:1C:55:5A,37513,-67,0.87012987,0.22,0.61,0.5
D9:C0:35:1C:55:5A,38628,-64,0.831168831,0.21,0.59,0.5
D9:C0:35:1C:55:5A,39798,-62,0.805194805,0.2,0.55,0.5
D9:C0:35:1C:55:5A,40923,-64,0.831168831,0.2,0.54,0.5
D9:C0:35:1C:55:5A,42058,-68,0.883116883,0.2,0.54,0.5
D9:C0:35:1C:55:5A,43249,-66,0.857142857,0.2,0.56,0.5
D9:C0:35:1C:55:5A,44373,-66,0.857142857,0.2,0.57,0.5
D9:C0:35:1C:55:5A,45531,-67,0.87012987,0.21,0.58,0.5
D9:C0:35:1C:55:5A,46658,-65,0.844155844,0.2,0.59,0.5
D9:C0:35:1C:55:5A,47804,-64,0.831168831,0.2,0.6,0.5
D9:C0:35:1C:55:5A,48926,-63,0.818181818,0.19,0.58,0.5
D9:C0:35:1C:55:5A,50056,-64,0.831168831,0.19,0.58,0.5
D9:C0:35:1C:55:5A,51206,-64,0.831168831,0.19,0.57,0.5
D9:C0:35:1C:55:5A,52342,-66,0.857142857,0.19,0.58,0.5
D9:C0:35:1C:55:5A,53489,-65,0.844155844,0.19,0.56,0.5
D9:C0:35:1C:55:5A,54638,-67,0.87012987,0.2,0.57,0.5
D9:C0:35:1C:55:5A,55822,-67,0.87012987,0.2,0.56,0.5
D9:C0:35:1C:55:5A,56951,-67,0.87012987,0.2,0.58,0.5
D9:C0:35:1C:55:5A,58136,-65,0.844155844,0.19,0.6,0.5
D9:C0:35:1C:55:5A,59250,-64,0.831168831,0.2,0.58,0.5
D9:C0:35:1C:55:5A,968,-71,0.922077922,0.34,1.28,1
D9:C0:35:1C:55:5A,2118,-74,0.961038961,0.36,1.48,1
D9:C0:35:1C:55:5A,3269,-75,0.974025974,0.4,1.66,1
D9:C0:35:1C:55:5A,4432,-75,0.974025974,0.4,1.8,1
D9:C0:35:1C:55:5A,5570,-76,0.987012987,0.43,1.94,1
D9:C0:35:1C:55:5A,6695,-71,0.922077922,0.44,1.9,1
D9:C0:35:1C:55:5A,7859,-74,0.961038961,0.44,1.95,1
D9:C0:35:1C:55:5A,9057,-73,0.948051948,0.44,1.97,1
D9:C0:35:1C:55:5A,10172,-77,1,0.46,2.07,1
D9:C0:35:1C:55:5A,11310,-77,1,0.48,2.17,1
D9:C0:35:1C:55:5A,12472,-79,1.025974026,0.5,2.29,1
D9:C0:35:1C:55:5A,13619,-72,0.935064935,0.51,2.26,1
D9:C0:35:1C:55:5A,14769,-79,1.025974026,0.53,2.37,1
D9:C0:35:1C:55:5A,15896,-74,0.961038961,0.56,2.37,1
D9:C0:35:1C:55:5A,17042,-75,0.974025974,0.58,2.39,1
D9:C0:35:1C:55:5A,18175,-73,0.948051948,0.61,2.38,1
D9:C0:35:1C:55:5A,19297,-76,0.987012987,0.65,2.44,1
D9:C0:35:1C:55:5A,20467,-73,0.948051948,0.66,2.5,1
D9:C0:35:1C:55:5A,21618,-73,0.948051948,0.68,2.55,1
D9:C0:35:1C:55:5A,22732,-72,0.935064935,0.68,2.57,1
D9:C0:35:1C:55:5A,23871,-73,0.948051948,0.68,2.6,1
D9:C0:35:1C:55:5A,25001,-78,1.012987013,0.69,2.68,1
D9:C0:35:1C:55:5A,26314,-78,1.012987013,0.69,2.73,1
D9:C0:35:1C:55:5A,27392,-74,0.961038961,0.71,2.71,1
D9:C0:35:1C:55:5A,28524,-74,0.961038961,0.71,2.68,1
D9:C0:35:1C:55:5A,29679,-70,0.909090909,0.71,2.68,1
D9:C0:35:1C:55:5A,30851,-73,0.948051948,0.7,2.66,1
D9:C0:35:1C:55:5A,31986,-74,0.961038961,0.71,2.68,1
D9:C0:35:1C:55:5A,33240,-79,1.025974026,0.71,2.71,1
D9:C0:35:1C:55:5A,34373,-72,0.935064935,0.71,2.62,1
D9:C0:35:1C:55:5A,35508,-79,1.025974026,0.73,2.62,1
D9:C0:35:1C:55:5A,36661,-75,0.974025974,0.75,2.68,1
D9:C0:35:1C:55:5A,37817,-74,0.961038961,0.75,2.59,1
D9:C0:35:1C:55:5A,38968,-74,0.961038961,0.74,2.59,1
D9:C0:35:1C:55:5A,40086,-72,0.935064935,0.73,2.53,1
D9:C0:35:1C:55:5A,41291,-70,0.909090909,0.71,2.48,1
D9:C0:35:1C:55:5A,42396,-75,0.974025974,0.7,2.46,1
D9:C0:35:1C:55:5A,43544,-69,0.896103896,0.7,2.41,1
D9:C0:35:1C:55:5A,44683,-70,0.909090909,0.68,2.36,1
D9:C0:35:1C:55:5A,45805,-70,0.909090909,0.64,2.33,1
D9:C0:35:1C:55:5A,46937,-69,0.896103896,0.62,2.26,1
D9:C0:35:1C:55:5A,48077,-69,0.896103896,0.59,2.11,1
D9:C0:35:1C:55:5A,49229,-68,0.883116883,0.57,1.97,1
D9:C0:35:1C:55:5A,50337,-69,0.896103896,0.56,1.9,1
D9:C0:35:1C:55:5A,51458,-74,0.961038961,0.56,1.9,1
D9:C0:35:1C:55:5A,52628,-70,0.909090909,0.54,1.9,1
D9:C0:35:1C:55:5A,53775,-69,0.896103896,0.53,1.84,1
D9:C0:35:1C:55:5A,54884,-70,0.909090909,0.52,1.78,1
D9:C0:35:1C:55:5A,56082,-69,0.896103896,0.5,1.64,1
D9:C0:35:1C:55:5A,57202,-70,0.909090909,0.48,1.62,1
D9:C0:35:1C:55:5A,58379,-74,0.961038961,0.49,1.6,1
D9:C0:35:1C:55:5A,59517,-76,0.987012987,0.49,1.6,1
D9:C0:35:1C:55:5A,581,-73,0.948051948,0.73,2.57,1.5
D9:C0:35:1C:55:5A,1745,-74,0.961038961,0.71,2.55,1.5
D9:C0:35:1C:55:5A,2853,-73,0.948051948,0.71,2.49,1.5
D9:C0:35:1C:55:5A,4006,-73,0.948051948,0.7,2.44,1.5
D9:C0:35:1C:55:5A,5154,-72,0.935064935,0.68,2.38,1.5
D9:C0:35:1C:55:5A,6292,-72,0.935064935,0.67,2.32,1.5
D9:C0:35:1C:55:5A,7427,-71,0.922077922,0.65,2.25,1.5
D9:C0:35:1C:55:5A,8560,-73,0.948051948,0.63,2.24,1.5
D9:C0:35:1C:55:5A,9681,-71,0.922077922,0.6,2.19,1.5
D9:C0:35:1C:55:5A,10832,-72,0.935064935,0.58,2.17,1.5
D9:C0:35:1C:55:5A,11978,-68,0.883116883,0.55,2.07,1.5
D9:C0:35:1C:55:5A,13147,-67,0.87012987,0.52,1.97,1.5
D9:C0:35:1C:55:5A,14302,-67,0.87012987,0.49,1.89,1.5
D9:C0:35:1C:55:5A,15472,-70,0.909090909,0.48,1.85,1.5
D9:C0:35:1C:55:5A,16591,-70,0.909090909,0.46,1.83,1.5
D9:C0:35:1C:55:5A,17744,-68,0.883116883,0.45,1.77,1.5
D9:C0:35:1C:55:5A,18910,-74,0.961038961,0.45,1.75,1.5
D9:C0:35:1C:55:5A,20090,-76,0.987012987,0.44,1.78,1.5
D9:C0:35:1C:55:5A,21208,-69,0.896103896,0.42,1.69,1.5
D9:C0:35:1C:55:5A,22328,-75,0.974025974,0.42,1.71,1.5
D9:C0:35:1C:55:5A,23512,-71,0.922077922,0.42,1.69,1.5
D9:C0:35:1C:55:5A,24614,-73,0.948051948,0.42,1.67,1.5
D9:C0:35:1C:55:5A,25781,-74,0.961038961,0.42,1.69,1.5
D9:C0:35:1C:55:5A,26915,-71,0.922077922,0.42,1.66,1.5
D9:C0:35:1C:55:5A,28080,-75,0.974025974,0.44,1.7,1.5
D9:C0:35:1C:55:5A,29201,-74,0.961038961,0.44,1.73,1.5
D9:C0:35:1C:55:5A,30353,-71,0.922077922,0.45,1.73,1.5
D9:C0:35:1C:55:5A,31530,-70,0.909090909,0.46,1.69,1.5
D9:C0:35:1C:55:5A,32660,-75,0.974025974,0.48,1.74,1.5
D9:C0:35:1C:55:5A,33795,-70,0.909090909,0.5,1.71,1.5
D9:C0:35:1C:55:5A,34935,-73,0.948051948,0.51,1.78,1.5
D9:C0:35:1C:55:5A,36070,-75,0.974025974,0.53,1.9,1.5
D9:C0:35:1C:55:5A,37203,-73,0.948051948,0.54,1.97,1.5
D9:C0:35:1C:55:5A,38360,-74,0.961038961,0.55,2.04,1.5
D9:C0:35:1C:55:5A,39514,-74,0.961038961,0.56,2.1,1.5
D9:C0:35:1C:55:5A,40668,-75,0.974025974,0.56,2.19,1.5
D9:C0:35:1C:55:5A,41801,-72,0.935064935,0.57,2.16,1.5
D9:C0:35:1C:55:5A,42945,-72,0.935064935,0.57,2.11,1.5
D9:C0:35:1C:55:5A,44099,-71,0.922077922,0.58,2.13,1.5
D9:C0:35:1C:55:5A,45263,-75,0.974025974,0.58,2.13,1.5
D9:C0:35:1C:55:5A,46403,-74,0.961038961,0.58,2.18,1.5
D9:C0:35:1C:55:5A,47511,-83,1.077922078,0.59,2.21,1.5
D9:C0:35:1C:55:5A,48685,-84,1.090909091,0.6,2.36,1.5
D9:C0:35:1C:55:5A,49805,-75,0.974025974,0.63,2.43,1.5
D9:C0:35:1C:55:5A,50927,-72,0.935064935,0.63,2.38,1.5
D9:C0:35:1C:55:5A,52043,-72,0.935064935,0.63,2.34,1.5
D9:C0:35:1C:55:5A,53181,-74,0.961038961,0.64,2.39,1.5
D9:C0:35:1C:55:5A,54284,-76,0.987012987,0.65,2.5,1.5
D9:C0:35:1C:55:5A,55404,-71,0.922077922,0.67,2.43,1.5
D9:C0:35:1C:55:5A,56525,-75,0.974025974,0.67,2.5,1.5
D9:C0:35:1C:55:5A,57641,-72,0.935064935,0.68,2.48,1.5
D9:C0:35:1C:55:5A,58774,-76,0.987012987,0.69,2.5,1.5
D9:C0:35:1C:55:5A,59885,-84,1.090909091,0.72,2.69,1.5
D9:C0:35:1C:55:5A,1101,-82,1.064935065,0.83,3.83,2
D9:C0:35:1C:55:5A,2218,-72,0.935064935,0.82,3.5,2
D9:C0:35:1C:55:5A,3339,-95,1.233766234,0.84,4.44,2
D9:C0:35:1C:55:5A,4459,-79,1.025974026,0.84,4.43,2
D9:C0:35:1C:55:5A,5576,-77,1,0.84,4.33,2
D9:C0:35:1C:55:5A,6736,-75,0.974025974,0.86,4.17,2
D9:C0:35:1C:55:5A,7856,-79,1.025974026,0.87,4.18,2
D9:C0:35:1C:55:5A,8976,-77,1,0.87,4.13,2
D9:C0:35:1C:55:5A,10108,-78,1.012987013,0.9,4.11,2
D9:C0:35:1C:55:5A,11226,-75,0.974025974,0.92,4.01,2
D9:C0:35:1C:55:5A,12356,-81,1.051948052,0.98,4.08,2
D9:C0:35:1C:55:5A,13477,-75,0.974025974,1,4,2
D9:C0:35:1C:55:5A,14603,-79,1.025974026,0.97,4.02,2
D9:C0:35:1C:55:5A,15714,-77,1,0.98,3.99,2
D9:C0:35:1C:55:5A,16833,-80,1.038961039,0.99,3.78,2
D9:C0:35:1C:55:5A,17952,-75,0.974025974,0.98,3.78,2
D9:C0:35:1C:55:5A,19100,-76,0.987012987,0.98,3.76,2
D9:C0:35:1C:55:5A,20218,-77,1,0.98,3.81,2
D9:C0:35:1C:55:5A,21336,-85,1.103896104,0.98,3.94,2
D9:C0:35:1C:55:5A,22460,-73,0.948051948,0.98,3.81,2
D9:C0:35:1C:55:5A,23582,-83,1.077922078,0.99,3.83,2
D9:C0:35:1C:55:5A,24697,-75,0.974025974,0.98,3.88,2
D9:C0:35:1C:55:5A,25821,-81,1.051948052,0.99,3.78,2
D9:C0:35:1C:55:5A,26937,-77,1,0.99,3.74,2
D9:C0:35:1C:55:5A,28073,-76,0.987012987,0.99,3.72,2
D9:C0:35:1C:55:5A,29196,-78,1.012987013,0.99,3.78,2
D9:C0:35:1C:55:5A,30318,-79,1.025974026,0.98,3.78,2
D9:C0:35:1C:55:5A,31437,-75,0.974025974,0.98,3.74,2
D9:C0:35:1C:55:5A,32639,-76,0.987012987,0.97,3.69,2
D9:C0:35:1C:55:5A,33760,-77,1,0.99,3.74,2
D9:C0:35:1C:55:5A,34883,-77,1,0.97,3.65,2
D9:C0:35:1C:55:5A,36002,-76,0.987012987,0.97,3.67,2
D9:C0:35:1C:55:5A,37122,-77,1,0.98,3.63,2
D9:C0:35:1C:55:5A,38237,-76,0.987012987,0.97,3.6,2
D9:C0:35:1C:55:5A,39361,-78,1.012987013,0.98,3.56,2
D9:C0:35:1C:55:5A,40473,-75,0.974025974,0.96,3.56,2
D9:C0:35:1C:55:5A,41597,-74,0.961038961,0.93,3.52,2
D9:C0:35:1C:55:5A,42739,-77,1,0.94,3.52,2
D9:C0:35:1C:55:5A,43834,-80,1.038961039,0.94,3.45,2
D9:C0:35:1C:55:5A,44963,-75,0.974025974,0.94,3.47,2
D9:C0:35:1C:55:5A,46094,-79,1.025974026,0.94,3.43,2
D9:C0:35:1C:55:5A,47204,-74,0.961038961,0.93,3.41,2
D9:C0:35:1C:55:5A,48323,-75,0.974025974,0.91,3.3,2
D9:C0:35:1C:55:5A,49441,-77,1,0.9,3.3,2
D9:C0:35:1C:55:5A,50560,-79,1.025974026,0.91,3.37,2
D9:C0:35:1C:55:5A,51684,-78,1.012987013,0.9,3.37,2
D9:C0:35:1C:55:5A,52811,-75,0.974025974,0.9,3.28,2
D9:C0:35:1C:55:5A,53929,-76,0.987012987,0.89,3.3,2
D9:C0:35:1C:55:5A,55050,-76,0.987012987,0.9,3.3,2
D9:C0:35:1C:55:5A,56171,-76,0.987012987,0.89,3.28,2
D9:C0:35:1C:55:5A,57309,-74,0.961038961,0.89,3.22,2
D9:C0:35:1C:55:5A,58409,-73,0.948051948,0.88,3.18,2
D9:C0:35:1C:55:5A,59545,-71,0.922077922,0.86,3.1,2
D9:C0:35:1C:55:5A,221,-73,0.948051948,1.01,3.28,3
D9:C0:35:1C:55:5A,1372,-84,1.090909091,1.02,3.64,3
D9:C0:35:1C:55:5A,2525,-84,1.090909091,1.03,3.94,3
D9:C0:35:1C:55:5A,3658,-76,0.987012987,1.02,3.86,3
D9:C0:35:1C:55:5A,4799,-78,1.012987013,1.02,3.86,3
D9:C0:35:1C:55:5A,5913,-86,1.116883117,1.04,4.15,3
D9:C0:35:1C:55:5A,7103,-75,0.974025974,1.03,4.03,3
D9:C0:35:1C:55:5A,8266,-83,1.077922078,1.03,4.17,3
D9:C0:35:1C:55:5A,9388,-79,1.025974026,1.03,4.18,3
D9:C0:35:1C:55:5A,10538,-74,0.961038961,1.01,4.06,3
D9:C0:35:1C:55:5A,11644,-78,1.012987013,1,4.05,3
D9:C0:35:1C:55:5A,12803,-73,0.948051948,0.98,3.92,3
D9:C0:35:1C:55:5A,13916,-80,1.038961039,0.98,3.96,3
D9:C0:35:1C:55:5A,15111,-78,1.012987013,0.99,3.9,3
D9:C0:35:1C:55:5A,16192,-74,0.961038961,0.99,3.76,3
D9:C0:35:1C:55:5A,17367,-74,0.961038961,0.96,3.6,3
D9:C0:35:1C:55:5A,18497,-78,1.012987013,0.98,3.67,3
D9:C0:35:1C:55:5A,19616,-77,1,0.99,3.72,3
D9:C0:35:1C:55:5A,20747,-75,0.974025974,0.99,3.69,3
D9:C0:35:1C:55:5A,21949,-76,0.987012987,0.96,3.72,3
D9:C0:35:1C:55:5A,23112,-79,1.025974026,0.94,3.85,3
D9:C0:35:1C:55:5A,24205,-75,0.974025974,0.92,3.65,3
D9:C0:35:1C:55:5A,25335,-88,1.142857143,0.92,3.69,3
D9:C0:35:1C:55:5A,26637,-71,0.922077922,0.89,3.63,3
D9:C0:35:1C:55:5A,27747,-79,1.025974026,0.88,3.65,3
D9:C0:35:1C:55:5A,28888,-73,0.948051948,0.86,3.37,3
D9:C0:35:1C:55:5A,30029,-71,0.922077922,0.85,3.28,3
D9:C0:35:1C:55:5A,31190,-71,0.922077922,0.84,3.04,3
D9:C0:35:1C:55:5A,32328,-73,0.948051948,0.82,2.92,3
D9:C0:35:1C:55:5A,33484,-71,0.922077922,0.8,2.86,3
D9:C0:35:1C:55:5A,34598,-78,1.012987013,0.79,2.86,3
D9:C0:35:1C:55:5A,35773,-74,0.961038961,0.77,2.88,3
D9:C0:35:1C:55:5A,36881,-76,0.987012987,0.8,2.81,3
D9:C0:35:1C:55:5A,38006,-75,0.974025974,0.8,2.75,3
D9:C0:35:1C:55:5A,39194,-73,0.948051948,0.79,2.73,3
D9:C0:35:1C:55:5A,40352,-75,0.974025974,0.79,2.75,3
D9:C0:35:1C:55:5A,41507,-83,1.077922078,0.8,2.84,3
D9:C0:35:1C:55:5A,42644,-75,0.974025974,0.82,2.81,3
D9:C0:35:1C:55:5A,43786,-77,1,0.8,2.84,3
D9:C0:35:1C:55:5A,44908,-79,1.025974026,0.82,2.9,3
D9:C0:35:1C:55:5A,46198,-76,0.987012987,0.82,2.84,3
D9:C0:35:1C:55:5A,47276,-77,1,0.83,2.88,3
D9:C0:35:1C:55:5A,48417,-75,0.974025974,0.8,2.73,3
D9:C0:35:1C:55:5A,49547,-77,1,0.83,2.84,3
D9:C0:35:1C:55:5A,50664,-76,0.987012987,0.86,2.79,3
D9:C0:35:1C:55:5A,51796,-76,0.987012987,0.87,2.84,3
D9:C0:35:1C:55:5A,52974,-75,0.974025974,0.89,2.92,3
D9:C0:35:1C:55:5A,54124,-75,0.974025974,0.89,3,3
D9:C0:35:1C:55:5A,55272,-74,0.961038961,0.88,3.02,3
D9:C0:35:1C:55:5A,56411,-74,0.961038961,0.88,3.04,3
D9:C0:35:1C:55:5A,57528,-72,0.935064935,0.86,2.94,3
D9:C0:35:1C:55:5A,58667,-75,0.974025974,0.86,2.96,3
D9:C0:35:1C:55:5A,59825,-78,1.012987013,0.88,3,3
D9:C0:35:1C:55:5A,41,-87,1.12987013,1.12,7.31,4
D9:C0:35:1C:55:5A,1175,-77,1,1.12,6.2,4
D9:C0:35:1C:55:5A,2357,-77,1,1.11,5.58,4
D9:C0:35:1C:55:5A,3475,-80,1.038961039,1.11,5.44,4
D9:C0:35:1C:55:5A,4625,-78,1.012987013,1.1,5.2,4
D9:C0:35:1C:55:5A,5765,-76,0.987012987,1.1,4.91,4
D9:C0:35:1C:55:5A,6925,-76,0.987012987,1.08,4.68,4
D9:C0:35:1C:55:5A,8099,-76,0.987012987,1.06,4.51,4
D9:C0:35:1C:55:5A,9243,-77,1,1.04,4.41,4
D9:C0:35:1C:55:5A,10412,-76,0.987012987,1.04,4.29,4
D9:C0:35:1C:55:5A,11549,-79,1.025974026,1.03,4.3,4
D9:C0:35:1C:55:5A,12649,-77,1,1.02,4.23,4
D9:C0:35:1C:55:5A,13803,-77,1,1.01,4.18,4
D9:C0:35:1C:55:5A,14956,-79,1.025974026,1.01,4.19,4
D9:C0:35:1C:55:5A,16214,-78,1.012987013,1.01,4.17,4
D9:C0:35:1C:55:5A,17329,-74,0.961038961,1,4.06,4
D9:C0:35:1C:55:5A,18451,-79,1.025974026,0.99,4.08,4
D9:C0:35:1C:55:5A,19610,-78,1.012987013,0.99,3.92,4
D9:C0:35:1C:55:5A,20752,-88,1.142857143,1,3.92,4
D9:C0:35:1C:55:5A,21876,-91,1.181818182,1.01,4.16,4
D9:C0:35:1C:55:5A,23082,-75,0.974025974,1,3.88,4
D9:C0:35:1C:55:5A,24186,-74,0.961038961,0.99,3.81,4
D9:C0:35:1C:55:5A,25315,-95,1.233766234,1.01,4.13,4
D9:C0:35:1C:55:5A,26465,-75,0.974025974,1.01,4.02,4
D9:C0:35:1C:55:5A,27629,-80,1.038961039,1.02,4.06,4
D9:C0:35:1C:55:5A,28736,-81,1.051948052,1.02,4.18,4
D9:C0:35:1C:55:5A,29884,-76,0.987012987,1.02,4.18,4
D9:C0:35:1C:55:5A,31064,-81,1.051948052,1.03,4.3,4
D9:C0:35:1C:55:5A,32178,-76,0.987012987,1.03,4.28,4
D9:C0:35:1C:55:5A,33295,-80,1.038961039,1.04,4.38,4
D9:C0:35:1C:55:5A,34411,-76,0.987012987,1.04,4.3,4
D9:C0:35:1C:55:5A,35529,-89,1.155844156,1.05,4.61,4
D9:C0:35:1C:55:5A,36668,-77,1,1.07,4.61,4
D9:C0:35:1C:55:5A,37773,-80,1.038961039,1.09,4.63,4
D9:C0:35:1C:55:5A,38888,-83,1.077922078,1.12,4.76,4
D9:C0:35:1C:55:5A,40007,-77,1,1.12,4.84,4
D9:C0:35:1C:55:5A,41129,-77,1,1.11,4.79,4
D9:C0:35:1C:55:5A,42245,-81,1.051948052,1.11,4.87,4
D9:C0:35:1C:55:5A,43465,-86,1.116883117,1.13,4.81,4
D9:C0:35:1C:55:5A,44584,-87,1.12987013,1.14,4.71,4
D9:C0:35:1C:55:5A,45713,-88,1.142857143,1.15,5.05,4
D9:C0:35:1C:55:5A,46820,-80,1.038961039,1.15,5.19,4
D9:C0:35:1C:55:5A,47940,-78,1.012987013,1.15,4.89,4
D9:C0:35:1C:55:5A,49095,-79,1.025974026,1.15,4.97,4
D9:C0:35:1C:55:5A,50218,-94,1.220779221,1.17,5.22,4
D9:C0:35:1C:55:5A,51329,-80,1.038961039,1.17,5.19,4
D9:C0:35:1C:55:5A,52448,-79,1.025974026,1.17,5.27,4
D9:C0:35:1C:55:5A,53567,-86,1.116883117,1.19,5.42,4
D9:C0:35:1C:55:5A,54694,-93,1.207792208,1.21,5.91,4
D9:C0:35:1C:55:5A,55814,-83,1.077922078,1.23,6,4
D9:C0:35:1C:55:5A,56934,-75,0.974025974,1.22,6,4
D9:C0:35:1C:55:5A,58054,-78,1.012987013,1.21,5.67,4
D9:C0:35:1C:55:5A,59176,-81,1.051948052,1.2,5.79,4
D9:C0:35:1C:55:5A,118,-92,1.194805195,1.29,10.71,5
D9:C0:35:1C:55:5A,1279,-84,1.090909091,1.33,9.67,5
D9:C0:35:1C:55:5A,2397,-82,1.064935065,1.34,8.81,5
D9:C0:35:1C:55:5A,3537,-91,1.181818182,1.36,9.26,5
D9:C0:35:1C:55:5A,4692,-82,1.064935065,1.32,8.71,5
D9:C0:35:1C:55:5A,5810,-92,1.194805195,1.34,9.15,5
D9:C0:35:1C:55:5A,6953,-99,1.285714286,1.36,10.05,5
D9:C0:35:1C:55:5A,8066,-86,1.116883117,1.4,9.85,5
D9:C0:35:1C:55:5A,9337,-86,1.116883117,1.39,9.69,5
D9:C0:35:1C:55:5A,10448,-85,1.103896104,1.37,9.5,5
D9:C0:35:1C:55:5A,11597,-88,1.142857143,1.38,9.5,5
D9:C0:35:1C:55:5A,12806,-86,1.116883117,1.43,9.4,5
D9:C0:35:1C:55:5A,13935,-91,1.181818182,1.46,9.54,5
D9:C0:35:1C:55:5A,15127,-83,1.077922078,1.48,9.32,5
D9:C0:35:1C:55:5A,16237,-95,1.233766234,1.54,9.62,5
D9:C0:35:1C:55:5A,17487,-79,1.025974026,1.54,9.26,5
D9:C0:35:1C:55:5A,18624,-79,1.025974026,1.51,8.95,5
D9:C0:35:1C:55:5A,19787,-78,1.012987013,1.49,8.51,5
D9:C0:35:1C:55:5A,20924,-83,1.077922078,1.42,8.4,5
D9:C0:35:1C:55:5A,22064,-78,1.012987013,1.42,7.93,5
D9:C0:35:1C:55:5A,23179,-78,1.012987013,1.38,7.44,5
D9:C0:35:1C:55:5A,24313,-83,1.077922078,1.37,7.41,5
D9:C0:35:1C:55:5A,25467,-83,1.077922078,1.35,7.44,5
D9:C0:35:1C:55:5A,26575,-83,1.077922078,1.3,7.17,5
D9:C0:35:1C:55:5A,27764,-83,1.077922078,1.26,7.21,5
D9:C0:35:1C:55:5A,28872,-84,1.090909091,1.25,6.94,5
D9:C0:35:1C:55:5A,30033,-80,1.038961039,1.23,6.46,5
D9:C0:35:1C:55:5A,31203,-80,1.038961039,1.22,6.27,5
D9:C0:35:1C:55:5A,32366,-79,1.025974026,1.18,6.06,5
D9:C0:35:1C:55:5A,33532,-88,1.142857143,1.19,6.15,5
D9:C0:35:1C:55:5A,34665,-86,1.116883117,1.18,6.09,5
D9:C0:35:1C:55:5A,35812,-89,1.155844156,1.19,6.18,5
D9:C0:35:1C:55:5A,36944,-90,1.168831169,1.19,6.15,5
D9:C0:35:1C:55:5A,38074,-91,1.181818182,1.21,6.4,5
D9:C0:35:1C:55:5A,39230,-83,1.077922078,1.23,6.15,5
D9:C0:35:1C:55:5A,40363,-89,1.155844156,1.25,6.46,5
D9:C0:35:1C:55:5A,41516,-89,1.155844156,1.28,6.78,5
D9:C0:35:1C:55:5A,42647,-83,1.077922078,1.3,6.94,5
D9:C0:35:1C:55:5A,43768,-81,1.051948052,1.31,6.88,5
D9:C0:35:1C:55:5A,44920,-85,1.103896104,1.33,7.11,5
D9:C0:35:1C:55:5A,46057,-81,1.051948052,1.33,7.17,5
D9:C0:35:1C:55:5A,47253,-93,1.207792208,1.36,7.44,5
D9:C0:35:1C:55:5A,48412,-77,1,1.35,7.31,5
D9:C0:35:1C:55:5A,49547,-86,1.116883117,1.37,7.41,5
D9:C0:35:1C:55:5A,50709,-82,1.064935065,1.39,7.38,5
D9:C0:35:1C:55:5A,51862,-82,1.064935065,1.38,7.31,5
D9:C0:35:1C:55:5A,53047,-83,1.077922078,1.38,7.41,5
D9:C0:35:1C:55:5A,54162,-81,1.051948052,1.34,7.44,5
D9:C0:35:1C:55:5A,55407,-83,1.077922078,1.32,7.58,5
D9:C0:35:1C:55:5A,56594,-84,1.090909091,1.3,7.44,5
D9:C0:35:1C:55:5A,57694,-77,1,1.28,7.14,5
D9:C0:35:1C:55:5A,58811,-82,1.064935065,1.25,6.91,5
D9:C0:35:1C:55:5A,703,-82,1.064935065,1.17,5.79,6
D9:C0:35:1C:55:5A,1857,-86,1.116883117,1.16,6.22,6
D9:C0:35:1C:55:5A,3041,-81,1.051948052,1.18,6.06,6
D9:C0:35:1C:55:5A,4130,-85,1.103896104,1.19,6.26,6
D9:C0:35:1C:55:5A,5294,-84,1.090909091,1.2,6.34,6
D9:C0:35:1C:55:5A,6407,-85,1.103896104,1.22,6.46,6
D9:C0:35:1C:55:5A,7538,-80,1.038961039,1.21,6.28,6
D9:C0:35:1C:55:5A,8735,-85,1.103896104,1.22,6.39,6
D9:C0:35:1C:55:5A,9843,-84,1.090909091,1.24,6.43,6
D9:C0:35:1C:55:5A,10991,-82,1.064935065,1.24,6.38,6
D9:C0:35:1C:55:5A,12120,-85,1.103896104,1.24,6.46,6
D9:C0:35:1C:55:5A,13291,-88,1.142857143,1.26,6.64,6
D9:C0:35:1C:55:5A,14395,-84,1.090909091,1.28,6.65,6
D9:C0:35:1C:55:5A,15543,-82,1.064935065,1.29,6.6,6
D9:C0:35:1C:55:5A,16698,-89,1.155844156,1.3,6.78,6
D9:C0:35:1C:55:5A,17872,-84,1.090909091,1.31,6.79,6
D9:C0:35:1C:55:5A,19018,-82,1.064935065,1.3,6.81,6
D9:C0:35:1C:55:5A,20161,-88,1.142857143,1.3,7.07,6
D9:C0:35:1C:55:5A,21316,-90,1.168831169,1.33,7.11,6
D9:C0:35:1C:55:5A,22486,-84,1.090909091,1.33,7.17,6
D9:C0:35:1C:55:5A,23588,-90,1.168831169,1.33,7.44,6
D9:C0:35:1C:55:5A,24803,-98,1.272727273,1.35,7.58,6
D9:C0:35:1C:55:5A,25971,-81,1.051948052,1.36,7.58,6
D9:C0:35:1C:55:5A,27105,-82,1.064935065,1.36,7.48,6
D9:C0:35:1C:55:5A,28196,-82,1.064935065,1.38,7.41,6
D9:C0:35:1C:55:5A,29366,-84,1.090909091,1.37,7.38,6
D9:C0:35:1C:55:5A,30476,-80,1.038961039,1.38,7.38,6
D9:C0:35:1C:55:5A,31748,-83,1.077922078,1.38,7.31,6
D9:C0:35:1C:55:5A,32884,-86,1.116883117,1.38,7.38,6
D9:C0:35:1C:55:5A,34016,-89,1.155844156,1.38,7.62,6
D9:C0:35:1C:55:5A,35135,-84,1.090909091,1.38,7.58,6
D9:C0:35:1C:55:5A,36322,-82,1.064935065,1.4,7.38,6
D9:C0:35:1C:55:5A,37463,-92,1.194805195,1.41,7.65,6
D9:C0:35:1C:55:5A,38604,-83,1.077922078,1.42,7.68,6
D9:C0:35:1C:55:5A,39746,-84,1.090909091,1.43,7.51,6
D9:C0:35:1C:55:5A,40873,-83,1.077922078,1.42,7.48,6
D9:C0:35:1C:55:5A,41998,-82,1.064935065,1.38,7.48,6
D9:C0:35:1C:55:5A,43167,-86,1.116883117,1.38,7.41,6
D9:C0:35:1C:55:5A,44290,-81,1.051948052,1.35,7.11,6
D9:C0:35:1C:55:5A,45412,-89,1.155844156,1.34,7.27,6
D9:C0:35:1C:55:5A,46590,-93,1.207792208,1.36,7.38,6
D9:C0:35:1C:55:5A,47728,-84,1.090909091,1.35,7.07,6
D9:C0:35:1C:55:5A,48889,-80,1.038961039,1.34,7.04,6
D9:C0:35:1C:55:5A,50017,-89,1.155844156,1.35,7.27,6
D9:C0:35:1C:55:5A,51161,-85,1.103896104,1.36,7.38,6
D9:C0:35:1C:55:5A,52296,-81,1.051948052,1.34,7.27,6
D9:C0:35:1C:55:5A,53444,-89,1.155844156,1.34,7.58,6
D9:C0:35:1C:55:5A,54578,-90,1.168831169,1.35,7.82,6
D9:C0:35:1C:55:5A,55700,-90,1.168831169,1.38,7.97,6
D9:C0:35:1C:55:5A,56858,-87,1.12987013,1.38,7.89,6
D9:C0:35:1C:55:5A,57971,-90,1.168831169,1.39,8.11,6
D9:C0:35:1C:55:5A,59147,-90,1.168831169,1.42,8.4,6
D9:C0:35:1C:55:5A,548,-83,1.077922078,1.46,7.36,7
D9:C0:35:1C:55:5A,1708,-93,1.207792208,1.45,8.41,7
D9:C0:35:1C:55:5A,2866,-92,1.194805195,1.45,9.03,7
D9:C0:35:1C:55:5A,3987,-82,1.064935065,1.44,8.52,7
D9:C0:35:1C:55:5A,5086,-95,1.233766234,1.46,9.23,7
D9:C0:35:1C:55:5A,6247,-80,1.038961039,1.46,8.66,7
D9:C0:35:1C:55:5A,7371,-92,1.194805195,1.51,9.01,7
D9:C0:35:1C:55:5A,8533,-95,1.233766234,1.5,9.5,7
D9:C0:35:1C:55:5A,9656,-77,1,1.49,8.86,7
D9:C0:35:1C:55:5A,10780,-77,1,1.51,8.34,7
D9:C0:35:1C:55:5A,11937,-91,1.181818182,1.52,8.57,7
D9:C0:35:1C:55:5A,13085,-80,1.038961039,1.47,8.27,7
D9:C0:35:1C:55:5A,14193,-75,0.974025974,1.47,7.82,7
D9:C0:35:1C:55:5A,15307,-92,1.194805195,1.45,8.07,7
D9:C0:35:1C:55:5A,16470,-80,1.038961039,1.43,7.86,7
D9:C0:35:1C:55:5A,17616,-79,1.025974026,1.38,7.64,7
D9:C0:35:1C:55:5A,18766,-89,1.155844156,1.38,7.79,7
D9:C0:35:1C:55:5A,19966,-80,1.038961039,1.33,7.62,7
D9:C0:35:1C:55:5A,21114,-82,1.064935065,1.34,7.68,7
D9:C0:35:1C:55:5A,22332,-85,1.103896104,1.29,7.48,7
D9:C0:35:1C:55:5A,23464,-92,1.194805195,1.29,7.79,7
D9:C0:35:1C:55:5A,24633,-88,1.142857143,1.3,7.62,7
D9:C0:35:1C:55:5A,25816,-89,1.155844156,1.28,7.51,7
D9:C0:35:1C:55:5A,27014,-78,1.012987013,1.27,7.38,7
D9:C0:35:1C:55:5A,28141,-79,1.025974026,1.27,6.84,7
D9:C0:35:1C:55:5A,29291,-82,1.064935065,1.27,6.91,7
D9:C0:35:1C:55:5A,30439,-78,1.012987013,1.25,6.46,7
D9:C0:35:1C:55:5A,31615,-92,1.194805195,1.27,6.46,7
D9:C0:35:1C:55:5A,32732,-80,1.038961039,1.27,6.55,7
D9:C0:35:1C:55:5A,33913,-89,1.155844156,1.28,6.94,7
D9:C0:35:1C:55:5A,35061,-86,1.116883117,1.32,6.78,7
D9:C0:35:1C:55:5A,36206,-96,1.246753247,1.32,7.17,7
D9:C0:35:1C:55:5A,37328,-95,1.233766234,1.38,7.75,7
D9:C0:35:1C:55:5A,38488,-90,1.168831169,1.43,7.68,7
D9:C0:35:1C:55:5A,39644,-91,1.181818182,1.45,8.07,7
D9:C0:35:1C:55:5A,40789,-92,1.194805195,1.49,8.55,7
D9:C0:35:1C:55:5A,41997,-91,1.181818182,1.51,8.62,7
D9:C0:35:1C:55:5A,43106,-90,1.168831169,1.54,8.99,7
D9:C0:35:1C:55:5A,44260,-84,1.090909091,1.52,9.07,7
D9:C0:35:1C:55:5A,45413,-79,1.025974026,1.53,8.84,7
D9:C0:35:1C:55:5A,46515,-81,1.051948052,1.52,8.43,7
D9:C0:35:1C:55:5A,47647,-81,1.051948052,1.52,8.18,7
D9:C0:35:1C:55:5A,48778,-77,1,1.5,7.79,7
D9:C0:35:1C:55:5A,49898,-79,1.025974026,1.52,7.82,7
D9:C0:35:1C:55:5A,51050,-80,1.038961039,1.54,7.86,7
D9:C0:35:1C:55:5A,52224,-83,1.077922078,1.54,7.89,7
D9:C0:35:1C:55:5A,53367,-80,1.038961039,1.55,7.97,7
D9:C0:35:1C:55:5A,54473,-89,1.155844156,1.54,7.86,7
D9:C0:35:1C:55:5A,55603,-98,1.272727273,1.56,8.43,7
D9:C0:35:1C:55:5A,56746,-78,1.012987013,1.47,8.04,7
D9:C0:35:1C:55:5A,57956,-79,1.025974026,1.4,7.79,7
D9:C0:35:1C:55:5A,59131,-84,1.090909091,1.39,7.38,7
D9:C0:35:1C:55:5A,981,-83,1.077922078,1.52,5.11,8
D9:C0:35:1C:55:5A,2125,-82,1.064935065,1.52,5.27,8
D9:C0:35:1C:55:5A,3269,-86,1.116883117,1.55,5.79,8
D9:C0:35:1C:55:5A,4420,-88,1.142857143,1.57,6.34,8
D9:C0:35:1C:55:5A,5561,-86,1.116883117,1.58,6.58,8
D9:C0:35:1C:55:5A,6710,-84,1.090909091,1.55,6.62,8
D9:C0:35:1C:55:5A,7863,-86,1.116883117,1.56,6.78,8
D9:C0:35:1C:55:5A,8974,-83,1.077922078,1.56,6.73,8
D9:C0:35:1C:55:5A,10149,-85,1.103896104,1.53,6.8,8
D9:C0:35:1C:55:5A,11350,-83,1.077922078,1.51,6.76,8
D9:C0:35:1C:55:5A,12519,-89,1.155844156,1.49,7,8
D9:C0:35:1C:55:5A,13623,-91,1.181818182,1.46,7.29,8
D9:C0:35:1C:55:5A,14836,-89,1.155844156,1.47,7.47,8
D9:C0:35:1C:55:5A,15998,-89,1.155844156,1.45,7.63,8
D9:C0:35:1C:55:5A,17166,-99,1.285714286,1.45,8.14,8
D9:C0:35:1C:55:5A,18288,-89,1.155844156,1.46,8.25,8
D9:C0:35:1C:55:5A,19421,-90,1.168831169,1.47,8.38,8
D9:C0:35:1C:55:5A,20587,-88,1.142857143,1.5,8.29,8
D9:C0:35:1C:55:5A,21691,-95,1.233766234,1.53,8.81,8
D9:C0:35:1C:55:5A,22839,-93,1.207792208,1.53,9.22,8
D9:C0:35:1C:55:5A,24000,-90,1.168831169,1.55,9.5,8
D9:C0:35:1C:55:5A,25176,-83,1.077922078,1.59,9.5,8
D9:C0:35:1C:55:5A,26343,-90,1.168831169,1.64,9.65,8
D9:C0:35:1C:55:5A,27444,-94,1.220779221,1.68,9.89,8
D9:C0:35:1C:55:5A,28708,-94,1.220779221,1.72,10.22,8
D9:C0:35:1C:55:5A,29828,-97,1.25974026,1.78,10.75,8
D9:C0:35:1C:55:5A,30974,-92,1.194805195,1.81,11.01,8
D9:C0:35:1C:55:5A,32141,-93,1.207792208,1.83,11.43,8
D9:C0:35:1C:55:5A,33378,-94,1.220779221,1.84,11.83,8
D9:C0:35:1C:55:5A,34534,-87,1.12987013,1.8,12,8
D9:C0:35:1C:55:5A,35773,-104,1.350649351,1.84,12.45,8
D9:C0:35:1C:55:5A,36897,-85,1.103896104,1.8,12.18,8
D9:C0:35:1C:55:5A,38042,-86,1.116883117,1.78,12.05,8
D9:C0:35:1C:55:5A,39179,-89,1.155844156,1.77,12.05,8
D9:C0:35:1C:55:5A,40374,-85,1.103896104,1.75,11.43,8
D9:C0:35:1C:55:5A,41526,-84,1.090909091,1.72,11.22,8
D9:C0:35:1C:55:5A,42646,-84,1.090909091,1.69,10.96,8
D9:C0:35:1C:55:5A,43811,-84,1.090909091,1.66,10.79,8
D9:C0:35:1C:55:5A,44964,-84,1.090909091,1.62,10.34,8
D9:C0:35:1C:55:5A,46081,-86,1.116883117,1.6,10.05,8
D9:C0:35:1C:55:5A,47213,-85,1.103896104,1.57,9.85,8
D9:C0:35:1C:55:5A,48348,-88,1.142857143,1.55,10.01,8
D9:C0:35:1C:55:5A,49482,-89,1.155844156,1.55,9.97,8
D9:C0:35:1C:55:5A,51781,-86,1.116883117,1.54,9.65,8
D9:C0:35:1C:55:5A,52925,-98,1.272727273,1.53,9.81,8
D9:C0:35:1C:55:5A,54046,-85,1.103896104,1.52,9.34,8
D9:C0:35:1C:55:5A,55168,-91,1.181818182,1.52,9.3,8
D9:C0:35:1C:55:5A,56325,-82,1.064935065,1.52,8.96,8
D9:C0:35:1C:55:5A,57439,-83,1.077922078,1.52,8.55,8
D9:C0:35:1C:55:5A,58598,-99,1.285714286,1.52,8.99,8
D9:C0:35:1C:55:5A,59731,-84,1.090909091,1.52,8.43,8
D9:C0:35:1C:55:5A,1067,-91,1.181818182,1.64,10.22,9
D9:C0:35:1C:55:5A,2194,-91,1.181818182,1.69,10.51,9
D9:C0:35:1C:55:5A,3379,-89,1.155844156,1.68,10.46,9
D9:C0:35:1C:55:5A,4487,-83,1.077922078,1.69,9.8,9
D9:C0:35:1C:55:5A,5664,-83,1.077922078,1.72,9.32,9
D9:C0:35:1C:55:5A,6793,-89,1.155844156,1.69,9.42,9
D9:C0:35:1C:55:5A,7944,-89,1.155844156,1.68,9.5,9
D9:C0:35:1C:55:5A,9079,-84,1.090909091,1.63,9.24,9
D9:C0:35:1C:55:5A,10240,-82,1.064935065,1.59,8.92,9
D9:C0:35:1C:55:5A,11406,-82,1.064935065,1.58,8.65,9
D9:C0:35:1C:55:5A,12548,-92,1.194805195,1.56,8.9,9
D9:C0:35:1C:55:5A,13696,-90,1.168831169,1.57,9.03,9
D9:C0:35:1C:55:5A,14817,-94,1.220779221,1.58,9.32,9
D9:C0:35:1C:55:5A,15996,-89,1.155844156,1.58,9.37,9
D9:C0:35:1C:55:5A,17147,-88,1.142857143,1.6,9.38,9
D9:C0:35:1C:55:5A,18245,-89,1.155844156,1.6,9.42,9
D9:C0:35:1C:55:5A,19408,-85,1.103896104,1.6,9.3,9
D9:C0:35:1C:55:5A,20516,-89,1.155844156,1.61,9.19,9
D9:C0:35:1C:55:5A,21698,-89,1.155844156,1.6,9.22,9
D9:C0:35:1C:55:5A,22855,-93,1.207792208,1.61,9.54,9
D9:C0:35:1C:55:5A,24029,-91,1.181818182,1.6,9.54,9
D9:C0:35:1C:55:5A,25141,-86,1.116883117,1.63,9.34,9
D9:C0:35:1C:55:5A,26255,-82,1.064935065,1.63,9.07,9
D9:C0:35:1C:55:5A,27531,-86,1.116883117,1.6,9.19,9
D9:C0:35:1C:55:5A,28720,-88,1.142857143,1.61,9.38,9
D9:C0:35:1C:55:5A,29874,-83,1.077922078,1.62,9.15,9
D9:C0:35:1C:55:5A,30999,-85,1.103896104,1.65,8.99,9
D9:C0:35:1C:55:5A,32178,-92,1.194805195,1.69,9.3,9
D9:C0:35:1C:55:5A,33309,-87,1.12987013,1.66,9.5,9
D9:C0:35:1C:55:5A,34422,-88,1.142857143,1.63,9.73,9
D9:C0:35:1C:55:5A,35614,-87,1.12987013,1.59,9.54,9
D9:C0:35:1C:55:5A,36807,-89,1.155844156,1.57,9.5,9
D9:C0:35:1C:55:5A,37957,-88,1.142857143,1.57,9.3,9
D9:C0:35:1C:55:5A,39065,-91,1.181818182,1.59,9.38,9
D9:C0:35:1C:55:5A,40204,-98,1.272727273,1.62,9.57,9
D9:C0:35:1C:55:5A,41325,-89,1.155844156,1.61,9.57,9
D9:C0:35:1C:55:5A,42444,-86,1.116883117,1.58,9.61,9
D9:C0:35:1C:55:5A,43565,-92,1.194805195,1.59,9.73,9
D9:C0:35:1C:55:5A,44685,-84,1.090909091,1.59,9.54,9
D9:C0:35:1C:55:5A,45810,-88,1.142857143,1.62,9.34,9
D9:C0:35:1C:55:5A,46991,-90,1.168831169,1.65,9.3,9
D9:C0:35:1C:55:5A,48116,-91,1.181818182,1.68,9.5,9
D9:C0:35:1C:55:5A,49260,-88,1.142857143,1.69,9.69,9
D9:C0:35:1C:55:5A,50377,-89,1.155844156,1.72,9.81,9
D9:C0:35:1C:55:5A,51498,-90,1.168831169,1.73,9.89,9
D9:C0:35:1C:55:5A,52620,-84,1.090909091,1.71,9.89,9
D9:C0:35:1C:55:5A,53741,-94,1.220779221,1.73,10.26,9
D9:C0:35:1C:55:5A,54897,-87,1.12987013,1.75,10.05,9
D9:C0:35:1C:55:5A,56049,-94,1.220779221,1.76,10.34,9
D9:C0:35:1C:55:5A,57292,-82,1.064935065,1.77,10.18,9
D9:C0:35:1C:55:5A,58435,-88,1.142857143,1.78,10.22,9
D9:C0:35:1C:55:5A,59568,-91,1.181818182,1.76,10.3,9
D9:C0:35:1C:55:5A,439,-95,1.233766234,1.65,11.22,10
D9:C0:35:1C:55:5A,1663,-93,1.207792208,1.67,11.74,10
D9:C0:35:1C:55:5A,2782,-98,1.272727273,1.66,12.87,10
D9:C0:35:1C:55:5A,3890,-94,1.220779221,1.68,13.09,10
D9:C0:35:1C:55:5A,5084,-96,1.246753247,1.7,13.49,10
D9:C0:35:1C:55:5A,6177,-87,1.12987013,1.71,12.85,10
D9:C0:35:1C:55:5A,7338,-94,1.220779221,1.73,13,10
D9:C0:35:1C:55:5A,8491,-87,1.12987013,1.72,12.54,10
D9:C0:35:1C:55:5A,9608,-89,1.155844156,1.7,12.32,10
D9:C0:35:1C:55:5A,10889,-97,1.25974026,1.73,12.68,10
D9:C0:35:1C:55:5A,11994,-97,1.25974026,1.82,12.99,10
D9:C0:35:1C:55:5A,13152,-102,1.324675325,1.83,13.55,10
D9:C0:35:1C:55:5A,14349,-86,1.116883117,1.87,13.15,10
D9:C0:35:1C:55:5A,15504,-92,1.194805195,1.93,13.11,10
D9:C0:35:1C:55:5A,16619,-84,1.090909091,1.92,12.69,10
D9:C0:35:1C:55:5A,17783,-91,1.181818182,1.93,12.63,10
D9:C0:35:1C:55:5A,18912,-93,1.207792208,1.99,12.67,10
D9:C0:35:1C:55:5A,20048,-90,1.168831169,2.04,12.5,10
D9:C0:35:1C:55:5A,21181,-100,1.298701299,2.07,13.14,10
D9:C0:35:1C:55:5A,22298,-97,1.25974026,2.1,13.47,10
D9:C0:35:1C:55:5A,23430,-90,1.168831169,2.08,13.23,10
D9:C0:35:1C:55:5A,24588,-90,1.168831169,2.05,13.09,10
D9:C0:35:1C:55:5A,25747,-91,1.181818182,2,12.77,10
D9:C0:35:1C:55:5A,26902,-92,1.194805195,2.01,12.68,10
D9:C0:35:1C:55:5A,28030,-90,1.168831169,2.01,12.41,10
D9:C0:35:1C:55:5A,29197,-81,1.051948052,2.02,12.27,10
D9:C0:35:1C:55:5A,30348,-97,1.25974026,2.02,12.41,10
D9:C0:35:1C:55:5A,31497,-87,1.12987013,1.96,12.41,10
D9:C0:35:1C:55:5A,32625,-92,1.194805195,1.94,12.54,10
D9:C0:35:1C:55:5A,33787,-89,1.155844156,1.89,12.18,10
D9:C0:35:1C:55:5A,35019,-93,1.207792208,1.9,12,10
D9:C0:35:1C:55:5A,36185,-97,1.25974026,1.91,11.87,10
D9:C0:35:1C:55:5A,37326,-99,1.285714286,1.96,12.45,10
D9:C0:35:1C:55:5A,38572,-96,1.246753247,1.98,12.63,10
D9:C0:35:1C:55:5A,39733,-97,1.25974026,1.99,13.23,10
D9:C0:35:1C:55:5A,40902,-93,1.207792208,2.02,13.33,10
D9:C0:35:1C:55:5A,42068,-100,1.298701299,2.01,13.65,10
D9:C0:35:1C:55:5A,43192,-94,1.220779221,2.04,13.84,10
D9:C0:35:1C:55:5A,44375,-93,1.207792208,2.08,13.51,10
D9:C0:35:1C:55:5A,45505,-91,1.181818182,2.08,13.23,10
D9:C0:35:1C:55:5A,46655,-89,1.155844156,2.11,13.19,10
D9:C0:35:1C:55:5A,47811,-98,1.272727273,2.15,13.56,10
D9:C0:35:1C:55:5A,48963,-86,1.116883117,2.2,13.33,10
D9:C0:35:1C:55:5A,50113,-84,1.090909091,2.2,12.95,10
D9:C0:35:1C:55:5A,51308,-85,1.103896104,2.12,12.72,10
D9:C0:35:1C:55:5A,52469,-86,1.116883117,2.07,12.82,10
D9:C0:35:1C:55:5A,53638,-90,1.168831169,2.05,12.5,10
D9:C0:35:1C:55:5A,54806,-87,1.12987013,2.02,12.5,10
D9:C0:35:1C:55:5A,55929,-90,1.168831169,1.99,12.41,10
D9:C0:35:1C:55:5A,58237,-97,1.25974026,1.98,12.77,10
D9:C0:35:1C:55:5A,59367,-92,1.194805195,1.95,12.72,10
D9:C0:35:1C:55:5A,502,-86,1.116883117,1.73,8.47,12
D9:C0:35:1C:55:5A,1644,-89,1.155844156,1.73,8.81,12
D9:C0:35:1C:55:5A,2828,-82,1.064935065,1.74,8.25,12
D9:C0:35:1C:55:5A,3974,-82,1.064935065,1.73,7.87,12
D9:C0:35:1C:55:5A,5114,-87,1.12987013,1.68,7.98,12
D9:C0:35:1C:55:5A,6289,-86,1.116883117,1.65,8,12
D9:C0:35:1C:55:5A,7437,-89,1.155844156,1.65,8.21,12
D9:C0:35:1C:55:5A,8561,-79,1.025974026,1.57,7.8,12
D9:C0:35:1C:55:5A,9728,-84,1.090909091,1.52,7.72,12
D9:C0:35:1C:55:5A,10976,-86,1.116883117,1.47,7.75,12
D9:C0:35:1C:55:5A,12111,-81,1.051948052,1.44,7.56,12
D9:C0:35:1C:55:5A,13246,-83,1.077922078,1.41,7.47,12
D9:C0:35:1C:55:5A,14375,-78,1.012987013,1.4,7.21,12
D9:C0:35:1C:55:5A,15540,-78,1.012987013,1.39,6.98,12
D9:C0:35:1C:55:5A,16681,-77,1,1.37,6.75,12
D9:C0:35:1C:55:5A,17835,-86,1.116883117,1.37,6.82,12
D9:C0:35:1C:55:5A,18981,-81,1.051948052,1.36,6.75,12
D9:C0:35:1C:55:5A,20160,-78,1.012987013,1.32,6.4,12
D9:C0:35:1C:55:5A,21274,-84,1.090909091,1.29,6.46,12
D9:C0:35:1C:55:5A,22383,-79,1.025974026,1.27,6.18,12
D9:C0:35:1C:55:5A,23508,-85,1.103896104,1.27,6.15,12
D9:C0:35:1C:55:5A,24664,-94,1.220779221,1.28,6.15,12
D9:C0:35:1C:55:5A,25825,-91,1.181818182,1.27,6.43,12
D9:C0:35:1C:55:5A,26933,-86,1.116883117,1.26,6.55,12
D9:C0:35:1C:55:5A,28074,-96,1.246753247,1.26,6.78,12
D9:C0:35:1C:55:5A,29240,-90,1.168831169,1.29,6.91,12
D9:C0:35:1C:55:5A,30423,-84,1.090909091,1.31,6.75,12
D9:C0:35:1C:55:5A,31666,-84,1.090909091,1.33,6.91,12
D9:C0:35:1C:55:5A,32811,-96,1.246753247,1.33,7.31,12
D9:C0:35:1C:55:5A,33941,-86,1.116883117,1.35,7.31,12
D9:C0:35:1C:55:5A,35065,-86,1.116883117,1.37,7.48,12
D9:C0:35:1C:55:5A,36249,-99,1.285714286,1.44,7.93,12
D9:C0:35:1C:55:5A,37448,-84,1.090909091,1.44,8.14,12
D9:C0:35:1C:55:5A,38603,-85,1.103896104,1.45,8.4,12
D9:C0:35:1C:55:5A,39883,-92,1.194805195,1.51,8.92,12
D9:C0:35:1C:55:5A,40992,-91,1.181818182,1.59,9.11,12
D9:C0:35:1C:55:5A,42122,-90,1.168831169,1.63,9.46,12
D9:C0:35:1C:55:5A,43265,-91,1.181818182,1.68,9.93,12
D9:C0:35:1C:55:5A,44420,-86,1.116883117,1.72,10.01,12
D9:C0:35:1C:55:5A,45564,-93,1.207792208,1.73,10.38,12
D9:C0:35:1C:55:5A,46688,-86,1.116883117,1.73,10.42,12
D9:C0:35:1C:55:5A,47857,-86,1.116883117,1.74,10.09,12
D9:C0:35:1C:55:5A,49047,-92,1.194805195,1.69,10.13,12
D9:C0:35:1C:55:5A,50152,-84,1.090909091,1.7,10.05,12
D9:C0:35:1C:55:5A,51283,-93,1.207792208,1.7,9.93,12
D9:C0:35:1C:55:5A,52569,-85,1.103896104,1.68,9.73,12
D9:C0:35:1C:55:5A,53669,-84,1.090909091,1.69,9.73,12
D9:C0:35:1C:55:5A,54828,-92,1.194805195,1.71,10.05,12
D9:C0:35:1C:55:5A,55981,-85,1.103896104,1.67,9.61,12
D9:C0:35:1C:55:5A,57221,-92,1.194805195,1.67,9.85,12
D9:C0:35:1C:55:5A,58390,-83,1.077922078,1.67,9.77,12
D9:C0:35:1C:55:5A,59487,-83,1.077922078,1.64,9.38,12
D9:C0:35:1C:55:5A,167,-98,1.272727273,1.66,15.41,15
D9:C0:35:1C:55:5A,1330,-94,1.220779221,1.68,15.11,15
D9:C0:35:1C:55:5A,2459,-92,1.194805195,1.69,14.58,15
D9:C0:35:1C:55:5A,3622,-96,1.246753247,1.74,14.81,15
D9:C0:35:1C:55:5A,4716,-95,1.233766234,1.82,14.85,15
D9:C0:35:1C:55:5A,5976,-94,1.220779221,1.9,14.78,15
D9:C0:35:1C:55:5A,7151,-96,1.246753247,1.94,14.91,15
D9:C0:35:1C:55:5A,8307,-103,1.337662338,2.04,15.65,15
D9:C0:35:1C:55:5A,9457,-94,1.220779221,2.1,15.52,15
D9:C0:35:1C:55:5A,10592,-97,1.25974026,2.2,15.63,15
D9:C0:35:1C:55:5A,11756,-96,1.246753247,2.22,15.66,15
D9:C0:35:1C:55:5A,12883,-97,1.25974026,2.26,15.75,15
D9:C0:35:1C:55:5A,14008,-95,1.233766234,2.29,15.71,15
D9:C0:35:1C:55:5A,15150,-95,1.233766234,2.35,15.67,15
D9:C0:35:1C:55:5A,16287,-93,1.207792208,2.3,15.53,15
D9:C0:35:1C:55:5A,17438,-94,1.220779221,2.33,15.46,15
D9:C0:35:1C:55:5A,18628,-89,1.155844156,2.31,15.16,15
D9:C0:35:1C:55:5A,19743,-94,1.220779221,2.31,15.01,15
D9:C0:35:1C:55:5A,20871,-96,1.246753247,2.31,14.86,15
D9:C0:35:1C:55:5A,22044,-95,1.233766234,2.31,15.16,15
D9:C0:35:1C:55:5A,24282,-97,1.25974026,2.35,15.11,15
D9:C0:35:1C:55:5A,25404,-98,1.272727273,2.37,15.31,15
D9:C0:35:1C:55:5A,26522,-98,1.272727273,2.4,15.61,15
D9:C0:35:1C:55:5A,27654,-95,1.233766234,2.42,15.56,15
D9:C0:35:1C:55:5A,28759,-98,1.272727273,2.4,15.71,15
D9:C0:35:1C:55:5A,29877,-100,1.298701299,2.43,16.01,15
D9:C0:35:1C:55:5A,31039,-100,1.298701299,2.48,16.22,15
D9:C0:35:1C:55:5A,32160,-100,1.298701299,2.55,16.22,15
D9:C0:35:1C:55:5A,33280,-102,1.324675325,2.59,16.52,15
D9:C0:35:1C:55:5A,34396,-99,1.285714286,2.64,16.63,15
D9:C0:35:1C:55:5A,35518,-103,1.337662338,2.66,16.94,15
D9:C0:35:1C:55:5A,38868,-94,1.220779221,2.76,16.78,15
D9:C0:35:1C:55:5A,40048,-96,1.246753247,2.78,16.84,15
D9:C0:35:1C:55:5A,42438,-93,1.207792208,2.87,16.73,15
D9:C0:35:1C:55:5A,43555,-96,1.246753247,2.83,16.89,15
D9:C0:35:1C:55:5A,44675,-96,1.246753247,2.82,16.99,15
D9:C0:35:1C:55:5A,45808,-97,1.25974026,2.79,17.2,15
D9:C0:35:1C:55:5A,46923,-95,1.233766234,2.73,17.25,15
D9:C0:35:1C:55:5A,48053,-98,1.272727273,2.76,17.36,15
D9:C0:35:1C:55:5A,50271,-101,1.311688312,2.71,17.68,15
D9:C0:35:1C:55:5A,51391,-92,1.194805195,2.66,17.46,15
D9:C0:35:1C:55:5A,52509,-95,1.233766234,2.62,17.31,15
D9:C0:35:1C:55:5A,53630,-92,1.194805195,2.47,16.99,15
D9:C0:35:1C:55:5A,54749,-99,1.285714286,2.47,17.2,15
D9:C0:35:1C:55:5A,55863,-100,1.298701299,2.47,17.31,15
D9:C0:35:1C:55:5A,56983,-98,1.272727273,2.49,17.2,15
D9:C0:35:1C:55:5A,58103,-98,1.272727273,2.48,17.1,15
D9:C0:35:1C:55:5A,59229,-96,1.246753247,2.51,16.89,15